<application>
  <component name="DokiDokiThemeConfig">
    <option name="dokiFileColors" value="true" />
    <option name="firstTime" value="false" />
    <option name="materialDirectories" value="true" />
    <option name="materialPSIIcons" value="true" />
    <option name="notShowReadmeAtStartup" value="true" />
    <option name="stickerLevel" value="OFF" />
    <option name="userId" value="a3df33ce-64bb-41e9-b8b6-3c83fa432514" />
    <option name="version" value="11.3.1" />
  </component>
</application>