<application>
  <component name="DefaultFont">
    <option name="FONT_SIZE" value="14" />
    <option name="FONT_FAMILY" value="Fira Code Retina" />
    <option name="FONT_SCALE" value="0.75" />
    <option name="USE_LIGATURES" value="true" />
  </component>
  <component name="EditorSettings">
    <option name="USE_SOFT_WRAPS" value="MAIN_EDITOR:CONSOLE" />
    <option name="SOFT_WRAP_FILE_MASKS" value="*" />
    <option name="IS_WHEEL_FONTCHANGE_ENABLED" value="true" />
  </component>
  <component name="JsonEditorOptions">
    <option name="COLON_MOVE_OUTSIDE_QUOTES" value="true" />
    <option name="COMMA_MOVE_OUTSIDE_QUOTES" value="true" />
  </component>
</application>