<application>
  <component name="FindSettings">
    <option name="customScope" value="File '.../templates/account/account.html.twig'" />
    <option name="defaultScopeName" value="File '.../templates/account/account.html.twig'" />
    <option name="SEARCH_SCOPE" value="File '.../templates/account/account.html.twig'" />
    <mask>*.css</mask>
    <mask>*.html</mask>
    <mask>*.xml</mask>
    <mask>*.inc</mask>
    <mask>*.php4</mask>
    <mask>*.php5</mask>
    <mask>*.module</mask>
    <mask>*.phtml</mask>
    <mask>*.hphp</mask>
    <mask>*.ctp</mask>
    <mask>*.yaml</mask>
    <mask>*.js</mask>
    <mask>*.twig</mask>
    <mask>*.php</mask>
    <mask>*.html.twig</mask>
  </component>
</application>