<application>
  <component name="FindSettings">
    <option name="customScope" value="Directory '.../src'" />
    <option name="defaultScopeName" value="Directory '.../src'" />
    <option name="SEARCH_SCOPE" value="Directory '.../src'" />
    <option name="FILE_MASK" value="*.html.twig" />
    <mask>*.css</mask>
    <mask>*.html</mask>
    <mask>*.xml</mask>
    <mask>*.inc</mask>
    <mask>*.php4</mask>
    <mask>*.php5</mask>
    <mask>*.module</mask>
    <mask>*.phtml</mask>
    <mask>*.hphp</mask>
    <mask>*.ctp</mask>
    <mask>*.yaml</mask>
    <mask>*.js</mask>
    <mask>*.twig</mask>
    <mask>*.php</mask>
    <mask>*.html.twig</mask>
  </component>
</application>