<application>
  <component name="MaterialThemeConfig">
    <option name="compactStatusBar" value="true" />
    <option name="compactTables" value="true" />
    <option name="contrastMode" value="true" />
    <option name="customTreeIndentEnabled" value="true" />
    <option name="highContrast" value="true" />
    <option name="highlightColorEnabled" value="true" />
    <option name="compactDropdowns" value="true" />
    <option name="isHighlightColorEnabled" value="true" />
    <option name="isCompactStatusBar" value="true" />
    <option name="isCompactTables" value="true" />
    <option name="isContrastMode" value="true" />
    <option name="isCustomTreeIndentEnabled" value="true" />
    <option name="isHighContrast" value="true" />
    <option name="isWizardShown" value="true" />
    <option name="overrideAccentColor" value="false" />
    <option name="pristineConfig" value="false" />
    <option name="treeFontSizeEnabled" value="true" />
    <option name="upperCaseButtons" value="false" />
    <option name="useMaterialFont2" value="true" />
    <option name="useColoredDirectories" value="false" />
    <option name="indicatorStyle" value="Dot" />
    <option name="settingsSelectedTab" value="3" />
    <option name="tabsHeight" value="42" />
    <option name="accentColor" value="ddcfcf" />
    <option name="highlightColor" value="8be9ba" />
    <option name="selectedTheme" value="DRACULA" />
    <option name="userId" value="-d7cbdf9:1705cd9bd61:-8000" />
    <option name="version" value="5.5.0" />
  </component>
</application>