<application>
  <component name="MaterialThemeConfig">
    <option name="compactMenus" value="true" />
    <option name="contrastMode" value="true" />
    <option name="customTreeIndentEnabled" value="true" />
    <option name="highlightColorEnabled" value="true" />
    <option name="compactDropdowns" value="true" />
    <option name="isHighlightColorEnabled" value="true" />
    <option name="isCompactMenus" value="true" />
    <option name="isContrastMode" value="true" />
    <option name="isCustomTreeIndentEnabled" value="true" />
    <option name="isWizardShown" value="true" />
    <option name="overrideAccentColor" value="false" />
    <option name="pristineConfig" value="false" />
    <option name="treeFontSizeEnabled" value="true" />
    <option name="upperCaseButtons" value="false" />
    <option name="useMaterialFont2" value="true" />
    <option name="settingsSelectedTab" value="3" />
    <option name="accentColor" value="ff79c5" />
    <option name="highlightColor" value="8be9ba" />
    <option name="selectedTheme" value="NIGHT_OWL" />
    <option name="userId" value="-d7cbdf9:1705cd9bd61:-8000" />
    <option name="version" value="5.2.0" />
    <option name="tabHighlightPosition" value="Top" />
  </component>
</application>