<application>
  <component name="UISettings">
    <option name="COLOR_BLINDNESS" value="deuteranopia" />
    <option name="compactTreeIndents" value="true" />
    <option name="OVERRIDE_NONIDEA_LAF_FONTS" value="true" />
    <option name="SHOW_MAIN_TOOLBAR" value="true" />
    <option name="showTreeIndentGuides" value="true" />
    <option name="SORT_LOOKUP_ELEMENTS_LEXICOGRAPHICALLY" value="true" />
    <option name="CONTRAST_SCROLLBARS" value="true" />
    <option name="USE_SMALL_LABELS_ON_TABS" value="true" />
  </component>
</application>