<application>
  <component name="DefaultFont">
    <option name="FONT_SIZE" value="16" />
    <option name="FONT_FAMILY" value="Operator Mono Lig Medium" />
    <option name="FONT_SCALE" value="0.75" />
    <option name="USE_LIGATURES" value="true" />
    <option name="SECONDARY_FONT_FAMILY" value="Operator Mono Lig Book" />
  </component>
  <component name="EditorSettings">
    <option name="USE_SOFT_WRAPS" value="MAIN_EDITOR" />
    <option name="SOFT_WRAP_FILE_MASKS" value="*.md; *.txt; *.rst; *.adoc; *.html, *.css, *.js, *.php" />
    <option name="IS_ENSURE_NEWLINE_AT_EOF" value="true" />
  </component>
</application>